flow,family,mode,witness_conversion,delayed_retention,release_rate,rupture_rate,recall_survival_rate,same_core_recall_rate,same_field_recall_rate,split_rate,context_distortion_rate,blocked_context_rate,field_overlap_rate,phase_binding_rate,macro_window_rate,admission_band_rate,pollution,phase_lock_resistance,frame_shift_rate,score
golden,phi,balanced_frame,0.8295454545454546,0.453416149068323,0.002258610954263128,0.1795595708639187,0.8406876790830946,0.4355300859598854,0.8406876790830946,0.08653295128939828,0.0,0.15931232091690545,3.45703125,0.576171875,0.5159505208333334,0.3317057291666667,0.09573428850537284,0.4970069407358526,0.8406876790830946,0.8152042977846687
golden,phi,rigid_core,0.8757763975155279,0.46688741721854304,0.002258610954263128,0.14511575381140598,0.8454960091220068,0.45438996579247437,0.8454960091220068,0.08038768529076397,0.0,0.15450399087799316,3.45703125,0.576171875,0.5201822916666666,0.3333333333333333,0.10485183979159883,0.49285495807537827,0.0,0.8240593874792859
golden,phi,touchup_frame,0.8576779026217228,0.46169354838709675,0.002258610954263128,0.15753811405985318,0.8432155074116305,0.45781071835803877,0.8432155074116305,0.08038768529076397,0.0,0.15678449258836943,3.45703125,0.576171875,0.513671875,0.3346354166666667,0.0986649299902312,0.49542709068323043,0.0,0.8218065056648445
golden,phi,overwash_frame,0.8138639281129654,0.448690728945506,0.002258610954263128,0.19988706945228685,0.8438576349024111,0.4196326061997704,0.8438576349024111,0.09242250287026406,0.0,0.15614236509758897,3.45703125,0.576171875,0.5159505208333334,0.3326822916666667,0.09117551286225985,0.4687407548010909,0.8438576349024111,0.8059984893107766
golden,phi,random_frame,0.820125786163522,0.45058742225293713,0.002258610954263128,0.18068887634105024,0.8388761467889908,0.42603211009174313,0.8388761467889908,0.08199541284403669,0.0,0.16112385321100917,3.45703125,0.576171875,0.513671875,0.33203125,0.09671116900032563,0.49420853358441574,0.8388761467889908,0.8150407956628474
silver,metallic,balanced_frame,0.8675496688741722,0.4645390070921986,0.0106951871657754,0.08449197860962566,0.9605734767025089,0.3118279569892473,0.9605734767025089,0.05854241338112306,0.0,0.03942652329749104,1.81640625,0.302734375,0.19075520833333334,0.15201822916666666,0.043308368609573426,0.6002175662044733,0.9605734767025089,0.7885084900173279
silver,metallic,rigid_core,0.8714596949891068,0.46565774155995343,0.016042780748663103,0.06524064171122995,0.9594755661501788,0.31942789034564956,0.9594755661501788,0.05125148986889154,0.0,0.04052443384982122,1.81640625,0.302734375,0.17936197916666666,0.150390625,0.045913383262780855,0.5977062976092717,0.0,0.7918238629571186
silver,metallic,touchup_frame,0.8503253796095445,0.45955451348182885,0.0106951871657754,0.07700534759358289,0.9571938168846611,0.3234244946492271,0.9571938168846611,0.0535077288941736,0.0,0.04280618311533888,1.81640625,0.302734375,0.193359375,0.15071614583333334,0.045262129599479,0.5980476610995069,0.0,0.7889372327492092
silver,metallic,overwash_frame,0.86,0.46236559139784944,0.009625668449197862,0.09518716577540107,0.9640718562874252,0.3077844311377245,0.9640718562874252,0.0658682634730539,0.0,0.03592814371257485,1.81640625,0.302734375,0.19075520833333334,0.15169270833333334,0.041028980788016936,0.6014565499526714,0.9640718562874252,0.7837918032657254
silver,metallic,random_frame,0.8772321428571429,0.46730083234244946,0.0106951871657754,0.08983957219251337,0.963226571767497,0.30604982206405695,0.963226571767497,0.06405693950177936,0.0,0.036773428232502965,1.81640625,0.302734375,0.19205729166666666,0.15397135416666666,0.04623901009443178,0.5996608857584911,0.963226571767497,0.7872514324239382
bounded_cf_2,bounded_cf,balanced_frame,0.8730512249443207,0.4661117717003567,0.010718113612004287,0.08788853161843516,0.9407582938388626,0.28672985781990523,0.9407582938388626,0.07345971563981042,0.0,0.05924170616113744,1.8203125,0.3033854166666667,0.2737630208333333,0.14615885416666666,0.11950504721589059,0.549958306121612,0.9407582938388626,0.7803757949675514
bounded_cf_2,bounded_cf,rigid_core,0.8261802575107297,0.45240893066980026,0.020364415862808145,0.06752411575562701,0.9408926417370326,0.27020506634499397,0.9408926417370326,0.06393244873341375,0.0,0.05910735826296743,1.8203125,0.3033854166666667,0.2552083333333333,0.14225260416666666,0.12015630087919245,0.5455594528838315,0.0,0.7721295703562248
bounded_cf_2,bounded_cf,touchup_frame,0.8512035010940919,0.4598108747044917,0.013933547695605574,0.07931404072883172,0.93935790725327,0.291319857312723,0.93935790725327,0.07372175980975029,0.0,0.06064209274673008,1.8203125,0.3033854166666667,0.2724609375,0.14518229166666666,0.12015630087919245,0.5480525860431087,0.0,0.7770351693484692
bounded_cf_2,bounded_cf,overwash_frame,0.8755656108597285,0.46682750301568154,0.010718113612004287,0.1007502679528403,0.942080378250591,0.2860520094562648,0.942080378250591,0.08274231678486997,0.0,0.057919621749408984,1.8203125,0.3033854166666667,0.2760416666666667,0.1474609375,0.11820253988928688,0.5536496833008178,0.942080378250591,0.7780151511251439
bounded_cf_2,bounded_cf,random_frame,0.8549450549450549,0.4609004739336493,0.011789924973204717,0.08360128617363344,0.9389952153110048,0.27631578947368424,0.9389952153110048,0.07057416267942583,0.0,0.061004784688995214,1.8203125,0.3033854166666667,0.2760416666666667,0.14322916666666666,0.11950504721589059,0.5496450638566122,0.9389952153110048,0.7772428907856247
random_cf_1,random_cf,balanced_frame,0.8855140186915887,0.46964064436183395,0.015367727771679473,0.09879253567508232,0.8900709219858156,0.2647754137115839,0.8900709219858156,0.08274231678486997,0.0,0.1099290780141844,1.7734375,0.17350260416666666,0.2565104166666667,0.15201822916666666,0.0941061543471182,0.6032301005512202,0.8900709219858156,0.7871253377954732
random_cf_1,random_cf,rigid_core,0.8888888888888888,0.47058823529411764,0.021953896816684963,0.08232711306256861,0.8907363420427553,0.27434679334916867,0.8907363420427553,0.07600950118764846,0.0,0.10926365795724466,1.7734375,0.17350260416666666,0.2421875,0.15006510416666666,0.0963855421686747,0.6033203956819779,0.0,0.7902671674087399
random_cf_1,random_cf,touchup_frame,0.8822170900692841,0.4687116564417178,0.018660812294182216,0.0867178924259056,0.8886255924170616,0.2677725118483412,0.8886255924170616,0.07582938388625593,0.0,0.11137440758293839,1.7734375,0.17350260416666666,0.2574869791666667,0.15201822916666666,0.09443178117876913,0.604643980857255,0.004739336492890996,0.7898243124319002
random_cf_1,random_cf,overwash_frame,0.8855140186915887,0.46964064436183395,0.013172338090010977,0.10098792535675083,0.8871733966745843,0.2814726840855107,0.8871733966745843,0.08194774346793349,0.0,0.11282660332541568,1.7734375,0.17350260416666666,0.2584635416666667,0.1494140625,0.09540866167372192,0.6042773586538375,0.8871733966745843,0.7897704020979988
random_cf_1,random_cf,random_frame,0.8706697459584296,0.4654320987654321,0.014270032930845226,0.09659714599341383,0.8908659549228944,0.2669039145907473,0.8908659549228944,0.07947805456702253,0.0,0.10913404507710557,1.7734375,0.17350260416666666,0.2574869791666667,0.14908854166666666,0.09312927385216542,0.6034929661709088,0.8908659549228944,0.7856821489367025
fib_13_21,rational,balanced_frame,0.7101123595505618,0.4152431011826544,0.0010649627263045794,0.18849840255591055,0.9921671018276762,0.20757180156657964,0.9921671018276762,0.0783289817232376,0.0,0.007832898172323759,3.0533854166666665,0.3050130208333333,0.2737630208333333,0.0,0.09443178117876913,0.38201175927638253,0.9921671018276762,0.6962713781233439
fib_13_21,rational,rigid_core,0.7639198218262806,0.43308080808080807,0.003194888178913738,0.15335463258785942,0.9900497512437811,0.21641791044776118,0.9900497512437811,0.06840796019900497,0.0,0.009950248756218905,3.0533854166666665,0.3050130208333333,0.2659505208333333,0.0,0.10289807880169326,0.38320816761422094,0.0,0.7103562086329762
fib_13_21,rational,touchup_frame,0.7433035714285714,0.4263764404609475,0.002129925452609159,0.16613418530351437,0.9897172236503856,0.2133676092544987,0.9897172236503856,0.07326478149100257,0.0,0.010282776349614395,3.0533854166666665,0.3050130208333333,0.2734375,0.0,0.09931618365353305,0.3829037288073228,0.0,0.7050871118852721
fib_13_21,rational,overwash_frame,0.6862302483069977,0.4069611780455154,0.0010649627263045794,0.20340788072417465,0.9919786096256684,0.20320855614973263,0.9919786096256684,0.08689839572192513,0.0,0.008021390374331552,3.0533854166666665,0.3050130208333333,0.2766927083333333,0.0,0.090524259198958,0.3827074424423166,0.9919786096256684,0.6888944596471624
fib_13_21,rational,random_frame,0.7278911564625851,0.421259842519685,0.002129925452609159,0.18636847710330137,0.9909677419354839,0.20516129032258065,0.9909677419354839,0.08387096774193549,0.0,0.00903225806451613,3.0533854166666665,0.3050130208333333,0.2740885416666667,0.0,0.09540866167372192,0.3860752503220638,0.9909677419354839,0.6980397594940286
pi_mod1,constant,balanced_frame,0.8909853249475891,0.47117516629711753,0.004282655246252677,0.029978586723768737,0.9611307420494699,0.26148409893992935,0.9611307420494699,0.009422850412249705,0.0,0.038869257950530034,3.037109375,0.2740885416666667,0.2835286458333333,0.11751302083333333,0.13383262780853142,0.5301653277868068,0.9611307420494699,0.7927022748684104
pi_mod1,constant,rigid_core,0.8900414937759336,0.47091108671789245,0.008565310492505354,0.016059957173447537,0.9657615112160567,0.2644628099173554,0.9657615112160567,0.0035419126328217238,0.0,0.03423848878394333,3.037109375,0.2740885416666667,0.2815755208333333,0.11783854166666667,0.13546076196678605,0.5274584345683289,0.0,0.7937356572419534
pi_mod1,constant,touchup_frame,0.8881987577639752,0.47039473684210525,0.006423982869379015,0.017130620985010708,0.9662398137369034,0.26542491268917345,0.9662398137369034,0.0034924330616996507,0.0,0.033760186263096625,3.037109375,0.2740885416666667,0.2858072916666667,0.11946614583333333,0.13318137414522957,0.527162115061397,0.0,0.7937686824291132
pi_mod1,constant,overwash_frame,0.9006342494714588,0.4738598442714127,0.004282655246252677,0.033190578158458245,0.9611307420494699,0.2661955241460542,0.9611307420494699,0.009422850412249705,0.0,0.038869257950530034,3.037109375,0.2740885416666667,0.2838541666666667,0.11686197916666667,0.13285574731357863,0.5311734912023653,0.9611307420494699,0.794937496484112
pi_mod1,constant,random_frame,0.8775933609958506,0.46740331491712706,0.004282655246252677,0.02676659528907923,0.9644970414201184,0.26745562130177514,0.9644970414201184,0.009467455621301775,0.0,0.03550295857988166,3.037109375,0.2740885416666667,0.2845052083333333,0.11751302083333333,0.13253012048192772,0.5286832245177353,0.9644970414201184,0.7904217794882564
